1	Wzmacnia: Siła (++).
2	Wzmacnia: Siła (++), Zręczność (+), Witalność (+).
3	Wzmacnia: tylko poziom umiejętności.
4	Wzmacnia: Siła (++), poziom postaci.
5	Wzmacnia: Siła (++), Zręczność (+), Witalność (+).
16	Wzmacnia: Siła (++), Witalność (+).
17	Wzmacnia: Siła (++), Witalność (+).
18	Wzmacnia: Siła (++), Zręczność (+), Witalność (+).
19	Wzmacnia: Witalność (++), Siła (+).
20	Wzmacnia: Siła (++), Zręczność (+), Witalność (+).
31	Wzmacnia: Siła (++), Zręczność (++).
32	Wzmacnia: Siła (++), Zręczność (++).
33	Wzmacnia: Zręczność (++), Siła (++).
34	Wzmacnia: tylko poziom umiejętności.
35	Wzmacnia: Zręczność (++), Siła (+), poziom postaci.
46	Wzmacnia: Zręczność (też celność) (++), Siła (+).
47	Wzmacnia: Zręczność (++), Siła (++).
48	Wzmacnia: Zręczność (++), Siła (++), poziom postaci.
49	Wzmacnia: tylko poziom umiejętności.
50	Wzmacnia: Zręczność (++), Siła (++).
51	Wzmacnia: Siła (++), Zręczność (++).
61	Wzmacnia: Inteligencja (++), Siła (+), poziom postaci.
62	Wzmacnia: Inteligencja (++), Siła (+), poziom postaci.
63	Wzmacnia: Inteligencja (++), poziom postaci.
64	Wzmacnia: tylko poziom umiejętności.
65	Wzmacnia: Inteligencja (++).
66	Wzmacnia: Inteligencja (++), Zręczność (celność) (+), poziom postaci.
76	Wzmacnia: Inteligencja (++), Zręczność (celność) (+), poziom postaci.
77	Wzmacnia: Inteligencja (++), Siła (+), Witalność (+), poziom postaci.
78	Wzmacnia: Inteligencja (++), Zręczność (celność) (+), poziom postaci.
79	Wzmacnia: Inteligencja (++).
80	Wzmacnia: Inteligencja (++), Zręczność (też celność) (+), Witalność (+), poziom postaci.
81	Wzmacnia: Inteligencja (++), Zręczność (też celność) (+), Witalność (+), poziom postaci.
91	Wzmacnia: Inteligencja (++), Zręczność (celność) (+), poziom postaci.
92	Wzmacnia: Inteligencja (++), Zręczność (celność) (+), poziom postaci.
93	Wzmacnia: Inteligencja (++), Zręczność (celność) (+), poziom postaci.
94	Wzmacnia: Inteligencja (++).
95	Wzmacnia: Inteligencja (++).
96	Wzmacnia: Inteligencja (++).
106	Wzmacnia: Inteligencja (++), Zręczność (celność) (+), poziom postaci.
107	Wzmacnia: Inteligencja (++), Zręczność (celność) (+), poziom postaci.
108	Wzmacnia: Inteligencja (++), Zręczność (celność) (+), poziom postaci.
109	Wzmacnia: Inteligencja (++), poziom postaci.
110	Wzmacnia: tylko poziom umiejętności.
111	Wzmacnia: Inteligencja (++), poziom postaci.
